0,beside
1,thereafter
2,but
3,than
4,since
5,move
6,its
7,six
8,thereupon
9,against
10,forty
11,he
12,here
13,moreover
14,themselves
15,that
16,ours
17,why
18,we
19,them
20,of
21,their
22,four
23,thru
24,to
25,amount
26,an
27,these
28,neither
29,see
30,nor
31,both
32,somewhere
33,you
34,whither
35,hereby
36,before
37,became
38,whereby
39,within
40,due
41,others
42,afterwards
43,same
44,fifteen
45,from
46,this
47,cry
48,ie
49,elsewhere
50,very
51,most
52,between
53,herself
54,toward
55,more
56,get
57,again
58,she
59,yours
60,latter
61,please
62,towards
63,where
64,beyond
65,no
66,cannot
67,over
68,take
69,thence
70,ten
71,mine
72,hence
73,seemed
74,often
75,top
76,has
77,still
78,found
79,already
80,us
81,back
82,next
83,last
84,alone
85,cant
86,un
87,had
88,him
89,fifty
90,those
91,keep
92,the
93,ourselves
94,few
95,each
96,hasnt
97,fill
98,someone
99,done
100,latterly
101,whenever
102,was
103,twelve
104,mostly
105,been
106,nowhere
107,therefore
108,once
109,except
110,about
111,wherever
112,everything
113,however
114,ltd
115,are
116,one
117,becomes
118,when
119,though
120,twenty
121,name
122,all
123,amoungst
124,a
125,could
126,serious
127,until
128,fire
129,bill
130,anywhere
131,beforehand
132,because
133,becoming
134,call
135,whether
136,whence
137,made
138,after
139,namely
140,below
141,and
142,five
143,around
144,wherein
145,meanwhile
146,bottom
147,indeed
148,should
149,detail
150,whom
151,whereafter
152,many
153,con
154,find
155,too
156,go
157,otherwise
158,now
159,only
160,whereupon
161,as
162,if
163,above
164,throughout
165,were
166,etc
167,by
168,nevertheless
169,or
170,even
171,itself
172,seeming
173,himself
174,several
175,somehow
176,co
177,ever
178,besides
179,thus
180,everyone
181,through
182,first
183,else
184,re
185,couldnt
186,sometime
187,much
188,whole
189,sincere
190,well
191,nine
192,via
193,although
194,on
195,full
196,thin
197,off
198,for
199,yet
200,some
201,sometimes
202,either
203,which
204,whoever
205,nothing
206,always
207,hereupon
208,none
209,there
210,thick
211,perhaps
212,who
213,down
214,de
215,two
216,must
217,mill
218,front
219,show
220,another
221,noone
222,they
223,further
224,do
225,eg
226,eight
227,among
228,out
229,amongst
230,less
231,in
232,without
233,might
234,part
235,my
236,it
237,into
238,seem
239,being
240,almost
241,describe
242,put
243,be
244,therein
245,own
246,sixty
247,inc
248,her
249,eleven
250,former
251,have
252,me
253,hers
254,will
255,side
256,seems
257,least
258,how
259,is
260,every
261,would
262,third
263,system
264,never
265,something
266,at
267,three
268,upon
269,up
270,your
271,nobody
272,so
273,such
274,per
275,anyway
276,yourself
277,not
278,with
279,formerly
280,under
281,along
282,then
283,rather
284,thereby
285,across
286,onto
287,together
288,other
289,any
290,become
291,while
292,anything
293,give
294,anyone
295,hundred
296,whereas
297,behind
298,whose
299,whatever
300,hereafter
301,can
302,anyhow
303,during
304,also
305,everywhere
306,empty
307,am
308,our
309,what
310,may
311,herein
312,yourselves
313,enough
314,i
315,his
316,myself
317,interest